"","ID","age","iq","iq_z_scores"
"1",1,22,100,0
"2",2,30,123,1.53333333333333
"3",3,41,111,0.733333333333333
"4",4,45,130,2
"5",5,18,90,-0.666666666666667
"6",6,21,102,0.133333333333333
"7",7,23,88,-0.8
"8",8,45,109,0.6
